modelName;R2;MSE;MAE
Linear Reg;0.6533507965830203;20.539377111609628;3.7380656834381183
Ridge Reg;0.8491073312804355;8.940569877728182;2.404683233606369
Lasso Reg;0.9260360890554278;4.382449590437073;1.6746668180901314
KNN;0.909536350354474;5.3600787096774205;1.3834193548387097
SVR;0.9499896732335252;2.963171271724712;1.220846181155854
RF;0.90570038006221;5.587364506515;1.5185978709677344
MLP;0.8616144303075124;8.199509402304644;1.9836725629397103
