modelName;R2;MSE;MAE
Linear Reg;0.7147608151147942;16.900760560289275;3.3920867027593458
Ridge Reg;0.841240921546013;9.406663999558281;2.4505701652973104
Lasso Reg;0.9262053129346496;4.372422874560139;1.6624340315432593
ElasticNet;0.9262053129346496;4.372422874560139;1.6624340315432593
KNN;0.9534718233279788;2.756849741935483;1.0467096774193547
SVR;0.9518085811771936;2.8553988152527205;1.1461250570172445
RF;0.8919386171669543;6.402765306632255;1.6855032258064517
MLP;0.8068658905774275;11.443425420982198;2.3752955460737155
